Ord,Blk,Plot,Clone,Col,Row,Tree No,1DBH15,2DBH15,3DBH15,1DBH14,2DBH14,3DBH14,1HT14,2HT14,3HT14,1DBH13,2DBH13,3DBH13,1HT13,2HT13,3HT13,1DBH12,2DBH12,3DBH12,1HT12,Ckr12,DB12,1HT11,Stms13,Stms12,Status13,Status12,Notes
1,1,1,99007116,3,3,1,3.1,,,2.6,,,,,,1.8,,,,,,1.0,,,13.3,0.0,0.0,7.0,1,1,1,1,
2,1,1,99007116,3,4,2,2.9,,,2.6,,,,,,1.9,,,,,,1.2,,,14.5,0.0,0.0,8.6,1,1,1,1,
3,1,1,99007116,3,5,3,,,,,,,,,,,,,,,,,,,,0.0,0.0,8.5,0,0,0,0,Died 2012
4,1,1,99007116,3,6,4,,,,,,,,,,,,,,,,,,,,0.0,0.0,6.3,0,0,0,0,Deer browsed broken @ 4'
5,1,1,99007116,4,6,5,4.0,,,3.6,,,26.0,,,2.5,,,20.5,,,1.9,,,16.5,0.0,0.0,10.7,1,1,1,1,
6,1,1,99007116,4,5,6,3.4,,,2.9,,,26.0,,,1.9,,,20.0,,,1.2,,,15.5,0.0,0.0,7.3,1,1,1,1,
7,1,1,99007116,4,4,7,1.6,,,1.3,,,18.0,,,0.9,,,13.0,,,0.4,,,8.5,0.0,0.0,7.7,1,1,1,1,
8,1,1,99007116,4,3,8,2.0,,,1.7,,,20.0,,,1.2,,,14.0,,,0.9,,,13.0,0.0,0.0,7.0,1,1,1,1,
9,1,1,99007116,5,3,9,1.7,,,1.4,,,17.0,,,1.4,,,15.0,,,0.5,,,11.0,0.0,0.0,4.5,1,1,1,1,
10,1,1,99007116,5,4,10,4.1,,,3.4,,,22.0,,,2.5,,,21.5,,,1.3,,,15.0,0.0,0.0,9.0,1,1,1,1,
11,1,1,99007116,5,5,11,4.1,,,3.5,,,29.0,,,2.6,,,23.0,,,1.5,,,17.0,0.0,0.0,9.4,1,1,1,1,
12,1,1,99007116,5,6,12,4.1,,,3.5,,,31.0,,,2.6,,,22.5,,,1.6,,,17.5,0.0,0.0,9.9,1,1,1,1,
13,1,1,99007116,6,6,13,3.0,,,2.7,,,,,,1.7,,,,,,0.9,,,13.0,0.0,0.0,8.8,1,1,1,1,
14,1,1,99007116,6,5,14,3.4,,,3.3,,,,,,2.3,,,,,,1.4,,,15.0,0.0,0.0,8.8,1,1,1,1,
15,1,1,99007116,6,4,15,2.4,,,1.9,,,,,,1.5,,,,,,0.8,,,12.0,0.0,0.0,6.5,1,1,1,1,
16,1,1,99007116,6,3,16,3.0,,,2.4,,,,,,1.6,,,,,,0.9,,,13.0,0.0,0.0,6.3,1,1,1,1,
17,1,2,99038003,3,3,1,3.0,,,2.7,,,,,,1.9,,,,,,1.1,,,13.0,0.0,0.0,7.7,1,1,1,1,
18,1,2,99038003,3,4,2,3.3,,,2.9,,,,,,2.1,,,,,,1.2,,,14.0,0.0,0.0,8.3,1,1,1,1,
19,1,2,99038003,3,5,3,3.2,,,2.7,,,,,,2.0,,,,,,1.1,,,13.5,0.0,0.0,7.7,1,1,1,1,
20,1,2,99038003,3,6,4,2.9,,,2.5,,,,,,1.9,,,,,,1.1,,,13.5,0.0,0.0,8.1,1,1,1,1,
21,1,2,99038003,4,6,5,2.7,,,2.5,,,23.0,,,1.9,,,18.5,,,1.0,,,13.0,0.0,0.0,6.4,1,1,1,1,
22,1,2,99038003,4,5,6,2.9,,,2.3,,,25.0,,,1.8,,,18.5,,,1.0,,,13.0,0.0,0.0,6.5,1,1,1,1,
23,1,2,99038003,4,4,7,3.6,,,3.0,,,27.0,,,2.1,,,22.0,,,1.4,,,14.5,0.0,0.0,7.5,1,1,1,1,
24,1,2,99038003,4,3,8,2.2,,,1.9,,,24.0,,,1.5,,,17.5,,,0.9,,,12.5,0.0,0.0,6.8,1,1,1,1,
25,1,2,99038003,5,3,9,3.6,,,3.1,,,29.0,,,2.4,,,22.0,,,1.4,,,15.0,0.0,0.0,8.4,1,1,1,1,
26,1,2,99038003,5,4,10,2.9,,,2.7,,,27.0,,,2.0,,,20.5,,,1.1,,,14.0,0.0,0.0,7.4,1,1,1,1,
27,1,2,99038003,5,5,11,2.8,2.2,,2.5,2.1,,25.0,24.0,,2.0,1.6,,20.0,19.0,,1.1,0.9,,14.0,0.0,0.0,8.7,2,2,1,1,2-stems%
28,1,2,99038003,5,6,12,2.3,,,1.9,,,25.0,,,1.5,,,16.0,,,0.8,,,11.0,0.0,0.0,6.0,1,1,1,1,
29,1,2,99038003,6,6,13,3.1,,,2.7,,,,,,2.0,,,,,,1.1,,,13.0,0.0,0.0,7.3,1,1,1,1,
30,1,2,99038003,6,5,14,3.9,,,3.3,,,,,,2.5,,,,,,1.6,,,16.5,0.0,0.0,9.4,1,1,1,1,
31,1,2,99038003,6,4,15,3.3,,,2.8,,,,,,2.1,,,,,,1.2,,,14.5,0.0,0.0,9.2,1,1,1,1,
32,1,2,99038003,6,3,16,2.3,,,1.8,,,,,,1.6,,,,,,0.9,,,12.0,0.0,0.0,6.1,1,1,1,1,
33,1,3,DN164,3,3,1,4.2,,,3.2,,,,,,2.3,,,,,,1.3,,,14.0,0.0,0.0,7.9,1,1,1,1,
34,1,3,DN164,3,4,2,3.2,,,2.6,,,,,,2.0,,,,,,1.2,,,13.5,0.0,0.0,6.6,1,1,1,1,
35,1,3,DN164,3,5,3,3.7,,,3.6,,,,,,2.9,,,,,,1.1,,,13.5,0.0,0.0,8.3,1,1,1,1,
36,1,3,DN164,3,6,4,3.9,,,3.1,,,,,,2.2,,,,,,1.2,,,14.0,0.0,0.0,7.4,1,1,1,1,
37,1,3,DN164,4,6,5,4.2,,,3.3,,,28.0,,,2.2,,,21.0,,,1.2,,,14.5,0.0,0.0,7.9,1,1,1,1,
38,1,3,DN164,4,5,6,4.1,,,3.3,,,27.0,,,2.1,,,21.0,,,1.3,,,15.0,0.0,0.0,8.5,1,1,1,1,
39,1,3,DN164,4,4,7,3.2,,,2.5,,,25.0,,,1.8,,,18.5,,,1.1,,,14.5,0.0,0.0,6.8,1,1,1,1,
40,1,3,DN164,4,3,8,3.4,,,2.8,,,23.0,,,1.9,,,16.0,,,1.3,,,15.0,0.0,0.0,7.7,1,1,1,1,
41,1,3,DN164,5,3,9,5.0,,,4.0,,,30.0,,,2.6,,,24.0,,,1.6,,,16.5,0.0,0.0,8.3,1,1,1,1,
42,1,3,DN164,5,4,10,3.1,,,2.5,,,25.0,,,1.9,,,16.0,,,1.1,,,14.0,0.0,0.0,6.9,1,1,1,1,
43,1,3,DN164,5,5,11,2.7,,,2.2,,,27.0,,,1.9,,,18.0,,,0.8,,,13.5,0.0,0.0,6.8,1,1,1,1,
44,1,3,DN164,5,6,12,3.2,,,2.8,,,27.0,,,1.9,,,18.0,,,1.0,,,13.0,0.0,0.0,7.0,1,1,1,1,
45,1,3,DN164,6,6,13,,,,,,,,,,,,,,,,,,,,0.0,0.0,,0,0,0,0,
46,1,3,DN164,6,5,14,4.2,,,3.6,,,,,,2.5,,,,,,1.4,,,14.0,0.0,0.0,8.2,1,1,1,1,
47,1,3,DN164,6,4,15,3.1,,,2.7,,,,,,1.9,,,,,,1.1,,,12.5,0.0,0.0,6.2,1,1,1,1,
48,1,3,DN164,6,3,16,4.4,,,3.7,,,,,,2.4,,,,,,1.5,,,15.0,0.0,0.0,8.1,1,1,1,1,
49,1,4,NM6,3,3,1,4.7,,,3.7,,,,,,3.0,,,,,,1.5,,,14.5,0.0,0.0,9.3,1,1,1,1,
50,1,4,NM6,3,4,2,2.6,,,2.1,,,,,,1.5,,,,,,0.9,,,11.5,0.0,0.0,6.9,1,1,1,1,
51,1,4,NM6,3,5,3,3.1,,,2.6,,,,,,1.8,,,,,,1.0,,,11.0,0.0,0.0,6.7,1,1,1,1,
52,1,4,NM6,3,6,4,3.0,,,2.3,,,,,,1.7,,,,,,0.7,,,11.5,0.0,0.0,7.0,1,1,1,1,
53,1,4,NM6,4,6,5,3.5,,,2.8,,,26.0,,,1.9,,,17.5,,,0.8,,,13.0,0.0,0.0,7.4,1,1,1,1,
54,1,4,NM6,4,5,6,3.5,,,2.9,,,25.0,,,1.9,,,19.0,,,1.0,,,12.0,0.0,0.0,6.7,1,1,1,1,
55,1,4,NM6,4,4,7,3.6,,,3.0,,,27.0,,,2.1,,,19.5,,,1.1,,,13.0,0.0,0.0,7.0,1,1,1,1,
56,1,4,NM6,4,3,8,3.5,,,3.0,,,27.0,,,2.1,,,19.5,,,1.0,,,13.5,0.0,0.0,7.4,1,1,1,1,
57,1,4,NM6,5,3,9,3.2,,,2.7,,,28.0,,,1.9,,,18.0,,,1.0,,,12.5,0.0,0.0,8.9,1,1,1,1,
58,1,4,NM6,5,4,10,3.2,,,2.7,,,27.0,,,2.0,,,19.0,,,1.0,,,11.5,0.0,0.0,7.0,1,1,1,1,
59,1,4,NM6,5,5,11,3.8,,,3.0,,,29.0,,,2.2,,,19.0,,,0.9,,,12.5,0.0,0.0,7.6,1,1,1,1,
60,1,4,NM6,5,6,12,3.4,,,2.7,,,29.0,,,1.8,,,18.5,,,1.0,,,10.5,0.0,0.0,6.6,1,1,1,1,
61,1,4,NM6,6,6,13,2.6,,,2.2,,,,,,1.6,,,,,,0.9,,,11.0,0.0,0.0,5.2,1,1,1,1,
62,1,4,NM6,6,5,14,3.5,,,2.9,,,,,,2.1,,,,,,0.9,,,12.0,0.0,0.0,7.2,1,1,1,1,
63,1,4,NM6,6,4,15,3.4,,,2.8,,,,,,2.1,,,,,,0.9,,,12.5,0.0,0.0,7.6,1,1,1,1,
64,1,4,NM6,6,3,16,3.0,1.8,,2.7,1.8,,,,,1.8,1.2,,,,,1.2,0.6,,11.5,0.0,0.0,6.1,2,2,1,1,Changed Data2014 from 4.7 to 2.7 in 2015
65,1,5,99037049,3,3,1,1.0,,,1.2,,,,,,0.8,,,,,,0.5,,,8.5,0.0,0.0,5.3,1,1,1,1,
66,1,5,99037049,3,4,2,1.9,,,1.4,,,,,,1.0,,,,,,0.6,,,10.0,0.0,0.0,6.2,1,1,1,1,
67,1,5,99037049,3,5,3,2.5,,,1.8,,,,,,1.5,,,,,,0.9,,,12.0,0.0,0.0,8.0,1,1,1,1,
68,1,5,99037049,3,6,4,1.9,1.6,,1.5,1.7,,,,,1.2,1.0,,,,,0.7,0.7,,11.0,0.0,0.0,7.4,2,2,1,1,2-stems
69,1,5,99037049,4,6,5,2.2,,,1.6,,,19.0,,,1.2,,,14.0,,,0.8,,,11.0,0.0,0.0,6.6,1,1,1,1,
70,1,5,99037049,4,5,6,,,,2.0,0.9,,15.0,,,1.0,1.4,,11.5,11.0,,0.6,,,9.5,0.0,0.0,5.7,2,1,1,1,
71,1,5,99037049,4,4,7,1.9,1.7,,1.5,1.4,0.4,18.0,17.0,13.0,1.1,1.0,0.4,13.5,13.5,11.5,0.7,0.7,0.3,11.0,0.0,0.0,6.8,3,3,1,1,3-stems
72,1,5,99037049,4,3,8,2.1,,,1.7,0.5,0.4,18.0,15.0,14.0,1.2,0.5,0.4,13.0,10.0,9.0,0.6,0.3,0.3,10.5,0.0,0.0,5.9,3,3,1,1,3-stems
73,1,5,99037049,5,3,9,2.7,1.0,,1.9,0.7,,20.0,15.0,,1.3,0.7,,16.0,15.0,,0.7,0.5,,11.5,0.0,0.0,5.7,2,2,1,1,2-stems
74,1,5,99037049,5,4,10,2.9,,,2.3,,,22.0,,,1.7,,,18.0,,,1.0,,,13.0,0.0,0.0,8.1,1,1,1,1,
75,1,5,99037049,5,5,11,2.6,,,2.1,,,23.0,,,1.5,,,17.5,,,0.9,,,12.5,0.0,0.0,7.5,1,1,1,1,
76,1,5,99037049,5,6,12,2.6,,,1.9,,,24.0,,,1.7,,,17.0,,,1.0,,,13.5,0.0,0.0,8.4,1,1,1,1,
77,1,5,99037049,6,6,13,1.9,,,1.5,,,,,,0.9,,,,,,0.6,,,10.5,0.0,0.0,5.7,1,1,1,1,
78,1,5,99037049,6,5,14,2.4,1.9,,1.9,1.4,,,,,1.4,,,,,,0.9,,,12.0,0.0,0.0,7.0,1,1,1,1,
79,1,5,99037049,6,4,15,,,,,,,,,,,,,,,,0.4,,,8.0,0.0,0.0,5.0,0,1,0,1,
80,1,5,99037049,6,3,16,1.9,,,1.7,,,,,,1.0,,,,,,0.7,,,11.0,0.0,0.0,7.0,1,1,1,1,
81,4,6,DN164,3,3,1,2.7,,,2.1,,,,,,1.5,,,,,,0.8,,,11.0,0.0,0.0,5.5,1,1,1,1,
82,4,6,DN164,3,4,2,3.1,,,2.4,,,,,,1.7,,,,,,0.9,0.7,,12.5,0.0,0.0,7.1,1,2,1,1,2-stems
83,4,6,DN164,3,5,3,3.0,,,2.3,,,,,,1.7,,,,,,1.0,,,11.5,0.0,0.0,7.4,1,1,1,1,
84,4,6,DN164,3,6,4,2.9,,,2.4,,,,,,1.7,,,,,,1.0,,,11.0,0.0,0.0,7.2,1,1,1,1,
85,4,6,DN164,4,6,5,2.5,2.5,,2.1,2.1,,23.0,23.0,,1.6,1.5,,16.5,15.0,,0.9,,,12.0,0.0,0.0,7.6,2,1,1,1,
86,4,6,DN164,4,5,6,3.2,,,2.3,,,22.0,,,1.8,,,17.5,,,1.0,,,13.5,0.0,0.0,8.2,1,1,1,1,
87,4,6,DN164,4,4,7,3.0,,,2.4,,,23.0,,,1.6,,,18.0,,,0.9,,,12.5,0.0,0.0,6.6,1,1,1,1,
88,4,6,DN164,4,3,8,3.2,,,2.5,,,23.0,,,1.7,,,16.0,,,0.9,,,12.0,0.0,0.0,7.0,1,1,1,1,
89,4,6,DN164,5,3,9,3.2,,,2.4,,,25.0,,,1.6,,,15.5,,,0.9,,,12.5,0.0,0.0,6.8,1,1,1,1,
90,4,6,DN164,5,4,10,2.6,,,2.1,,,23.0,,,1.4,,,15.0,,,0.8,,,11.0,0.0,0.0,6.3,1,1,1,1,
91,4,6,DN164,5,5,11,3.7,,,2.8,,,25.0,,,2.5,,,19.0,,,1.4,,,13.0,0.0,0.0,8.7,1,1,1,1,
92,4,6,DN164,5,6,12,3.0,,,2.3,,,22.0,,,2.0,,,17.0,,,0.9,,,11.5,0.0,0.0,7.6,1,1,1,1,
93,4,6,DN164,6,6,13,3.1,,,2.2,,,,,,1.6,,,,,,0.8,,,11.5,0.0,0.0,6.8,1,1,1,1,
94,4,6,DN164,6,5,14,2.6,,,2.1,,,,,,1.4,,,,,,0.9,,,11.5,0.0,0.0,6.9,1,1,1,1,
95,4,6,DN164,6,4,15,3.2,,,2.7,,,,,,1.7,,,,,,0.9,,,12.5,0.0,0.0,6.6,1,1,1,1,
96,4,6,DN164,6,3,16,2.9,,,2.4,,,,,,1.6,,,,,,0.9,,,12.0,0.0,0.0,6.3,1,1,1,1,
97,4,7,83XAA04,3,3,1,1.3,,,0.9,,,,,,0.6,,,,,,0.1,,,5.5,0.0,0.0,1.1,1,1,1,1,
98,4,7,83XAA04,3,4,2,2.2,0.9,,1.4,0.6,,,,,0.9,0.5,0.2,,,,0.3,0.3,0.2,7.5,0.0,0.0,3.4,3,3,1,1,3-stems
99,4,7,83XAA04,3,5,3,4.1,3.6,,2.9,2.5,,,,,2.0,1.8,,,,,1.1,0.8,,12.0,0.0,0.0,5.6,2,2,1,1,2-stems
100,4,7,83XAA04,3,6,4,2.5,,,1.8,,,,,,0.8,,,,,,0.2,,,5.5,0.0,0.0,2.0,1,1,1,1,
101,4,7,83XAA04,4,6,5,1.6,1.1,,1.0,0.7,,15.0,12.0,,0.8,0.6,0.4,11.0,9.0,6.0,0.3,,,8.0,0.0,0.0,2.6,3,1,1,1,
102,4,7,83XAA04,4,5,6,4.3,,,3.4,,,26.0,,,2.5,,,19.0,,,1.1,,,11.5,0.0,0.0,5.6,1,1,1,1,
103,4,7,83XAA04,4,4,7,2.7,2.6,,1.9,2.1,,24.0,23.0,,1.5,1.0,,16.0,15.5,,0.6,,,9.5,0.0,0.0,3.8,2,1,1,1,
104,4,7,83XAA04,4,3,8,5.0,1.3,,3.8,1.0,,26.0,25.0,,2.4,1.0,,18.5,16.0,,1.0,0.7,,11.0,0.0,0.0,5.1,2,2,1,1,2-stems
105,4,7,83XAA04,5,3,9,4.2,,,3.0,,,25.0,,,2.0,,,18.0,,,0.7,,,10.0,0.0,0.0,4.9,1,1,1,1,
106,4,7,83XAA04,5,4,10,1.2,,,1.0,0.5,,15.0,12.0,,0.7,,,9.5,9.5,,0.1,,,5.5,0.0,0.0,2.7,1,1,1,1,
107,4,7,83XAA04,5,5,11,2.2,,,1.6,,,17.0,,,1.4,,,12.0,,,0.5,,,8.0,0.0,0.0,2.9,1,1,1,1,
108,4,7,83XAA04,5,6,12,4.7,,,3.5,,,25.0,,,2.1,,,18.0,,,0.9,,,11.5,0.0,0.0,6.6,1,1,1,1,
109,4,7,83XAA04,6,6,13,4.0,,,3.1,,,,,,2.2,,,,,,0.7,,,10.5,0.0,0.0,4.4,1,1,1,1,
110,4,7,83XAA04,6,5,14,5.7,,,4.5,,,,,,3.2,,,,,,1.6,,,13.5,0.0,0.0,7.4,1,1,1,1,
111,4,7,83XAA04,6,4,15,2.7,,,2.0,,,,,,1.4,,,,,,0.5,,,9.5,0.0,0.0,3.3,1,1,1,1,
112,4,7,83XAA04,6,3,16,4.5,,,3.9,,,,,,2.6,,,,,,,,,,0.0,0.0,8.2,1,0,1,0,different tree not aspen
113,4,8,NM6,3,3,1,3.8,,,3.2,,,,,,2.5,,,,,,1.2,,,14.0,0.0,0.0,8.1,1,1,1,1,
114,4,8,NM6,3,4,2,3.8,,,2.6,,,,,,2.4,,,,,,1.2,,,14.5,0.0,0.0,8.1,1,1,1,1,
115,4,8,NM6,3,5,3,4.0,,,3.4,,,,,,2.5,,,,,,1.3,,,14.0,0.0,0.0,9.0,1,1,1,1,
116,4,8,NM6,3,6,4,3.5,,,2.7,,,,,,2.3,,,,,,1.2,,,14.0,0.0,0.0,8.2,1,1,1,1,
117,4,8,NM6,4,6,5,2.7,2.2,,2.4,1.9,,30.0,21.0,,1.6,1.4,,19.0,18.0,,0.9,0.8,,12.0,0.0,0.0,6.5,2,2,1,1,2-stems
118,4,8,NM6,4,5,6,3.9,,,3.2,,,30.0,,,2.3,,,22.0,,,1.1,,,13.0,0.0,0.0,7.8,1,1,1,1,
119,4,8,NM6,4,4,7,3.9,,,3.4,,,27.0,,,2.5,,,21.5,,,1.3,,,14.5,0.0,0.0,8.0,1,1,1,1,
120,4,8,NM6,4,3,8,3.4,,,2.9,,,29.0,,,2.2,0.7,,20.5,15.0,,1.1,0.5,,14.0,0.0,0.0,7.9,2,2,1,1,2-stems
121,4,8,NM6,5,3,9,3.6,,,3.0,,,27.0,,,2.3,,,21.0,,,1.2,,,13.5,0.0,0.0,7.6,1,1,1,1,
122,4,8,NM6,5,4,10,3.2,,,2.7,,,25.0,,,2.1,,,19.0,,,1.0,,,12.0,0.0,0.0,6.4,1,1,1,1,
123,4,8,NM6,5,5,11,3.4,,,3.5,,,27.0,,,2.1,,,20.5,,,1.1,,,13.5,0.0,0.0,6.5,1,1,1,1,
124,4,8,NM6,5,6,12,2.6,,,2.1,,,24.0,,,1.6,,,18.0,,,0.8,,,10.5,0.0,0.0,5.0,1,1,1,1,
125,4,8,NM6,6,6,13,3.6,,,3.1,,,,,,2.6,,,,,,1.2,,,14.5,0.0,0.0,8.2,1,1,1,1,
126,4,8,NM6,6,5,14,2.8,,,2.3,,,,,,,,,,,,1.4,,,15.0,2.0,0.0,9.2,0,1,0,1,stem canker at 3'
127,4,8,NM6,6,4,15,2.7,2.2,,2.4,1.9,,,,,1.9,1.4,,,,,1.1,0.8,,14.0,2.0,0.0,7.9,2,2,1,1,"2-stems, stem canker @ 1.5'"
128,4,8,NM6,6,3,16,4.8,,,4.3,,,,,,2.9,,,,,,1.6,,,16.0,0.0,0.0,9.7,1,1,1,1,
129,1,9,DN177,3,3,1,,,,,,,,,,,,,,,,,,,,0.0,0.0,,0,0,0,0,
130,1,9,DN177,3,4,2,4.1,,,3.4,,,,,,2.2,,,,,,1.4,,,15.0,0.0,0.0,9.2,1,1,1,1,
131,1,9,DN177,3,5,3,,,,,,,,,,,,,,,,,,,,0.0,0.0,,0,0,0,0,
132,1,9,DN177,3,6,4,,,,,,,,,,,,,,,,,,,,0.0,0.0,,0,0,0,0,
133,1,9,DN177,4,6,5,3.2,,,2.0,,,24.0,,,1.9,,,18.0,,,1.2,,,15.0,1.0,0.0,8.4,1,1,1,1,canker healing
134,1,9,DN177,4,5,6,3.5,,,2.6,,,27.0,,,1.6,,,21.0,,,1.2,,,15.0,0.0,0.0,8.3,0,1,0,1,
135,1,9,DN177,4,4,7,,,,,,,27.0,,,1.6,,,,,,,,,,0.0,0.0,,1,0,1,0,
136,1,9,DN177,4,3,8,3.1,,,2.1,,,27.0,,,1.5,,,20.0,,,1.0,,,13.0,0.0,0.0,7.4,0,1,0,1,
137,1,9,DN177,5,3,9,3.6,,,2.8,,,26.0,,,1.8,,,21.5,,,1.3,,,15.5,1.0,0.0,9.5,1,1,1,1,canker healing
138,1,9,DN177,5,4,10,,,,,,,,,,,,,,,,,,,,0.0,0.0,,1,0,1,0,
139,1,9,DN177,5,5,11,,,,,,,,,,,,,,,,,,,,0.0,0.0,,0,0,0,0,
140,1,9,DN177,5,6,12,2.6,,,1.8,,,23.0,,,1.6,,,20.0,,,1.1,,,14.0,0.0,0.0,8.6,0,1,0,1,
141,1,9,DN177,6,6,13,3.8,,,3.1,,,,,,2.7,,,,,,1.6,,,16.5,0.0,0.0,9.3,1,1,1,1,
142,1,9,DN177,6,5,14,4.9,,,4.0,,,,,,2.2,,,,,,1.9,,,17.5,0.0,0.0,10.1,1,1,1,1,
143,1,9,DN177,6,4,15,3.9,,,3.0,,,,,,1.8,,,,,,1.4,,,15.5,0.0,0.0,10.1,1,1,1,1,
144,1,9,DN177,6,3,16,3.2,,,2.5,,,,,,,,,,,,1.1,,,14.5,1.0,0.0,8.9,0,1,0,1,canker healing
145,1,10,DN170 ,3,3,1,,,,,,,,,,,,,,,,,,,,0.0,0.0,,0,0,0,0,
146,1,10,DN170 ,3,4,2,,,,,,,,,,,,,,,,,,,,0.0,0.0,,0,0,0,0,
147,1,10,DN170 ,3,5,3,,,,,,,,,,,,,,,,,,,,0.0,0.0,,0,0,0,0,
148,1,10,DN170 ,3,6,4,3.3,,,2.5,,,,,,1.8,,,,,,0.9,,,11.5,0.0,0.0,5.5,1,1,1,1,
149,1,10,DN170 ,4,6,5,3.8,,,3.0,,,28.0,,,2.0,,,18.5,,,1.0,,,13.5,0.0,0.0,6.3,1,1,1,1,
150,1,10,DN170 ,4,5,6,,,,,,,,,,,,,,,,,,,,0.0,0.0,,0,0,0,0,
151,1,10,DN170 ,4,4,7,4.5,,,3.4,,,28.0,,,2.2,,,20.0,,,1.2,,,14.0,0.0,0.0,7.7,1,1,1,1,
152,1,10,DN170 ,4,3,8,,,,,,,,,,,,,,,,,,,,0.0,0.0,,0,0,0,0,
153,1,10,DN170 ,5,3,9,,,,,,,,,,,,,,,,,,,,0.0,0.0,,0,0,0,0,
154,1,10,DN170 ,5,4,10,,,,,,,,,,,,,,,,,,,,0.0,0.0,,0,0,0,0,
155,1,10,DN170 ,5,5,11,,,,,,,,,,,,,,,,,,,,0.0,0.0,,0,0,0,0,
156,1,10,DN170 ,5,6,12,4.0,,,3.6,,,24.0,,,2.4,,,18.5,,,1.2,,,13.5,0.0,0.0,7.7,1,1,1,1,
157,1,10,DN170 ,6,6,13,3.8,,,3.2,,,,,,2.0,,,,,,1.1,,,13.5,0.0,0.0,6.9,1,1,1,1,
158,1,10,DN170 ,6,5,14,,,,,,,,,,,,,,,,,,,,0.0,0.0,,0,0,0,0,
159,1,10,DN170 ,6,4,15,4.0,,,3.2,,,,,,2.3,,,,,,1.2,,,13.0,0.0,0.0,7.1,1,1,1,1,
160,1,10,DN170 ,6,3,16,5.0,,,3.9,,,,,,2.7,,,,,,1.5,,,15.5,0.0,0.0,8.2,1,1,1,1,
161,1,11,83XAA04,3,3,1,4.2,,,3.2,,,,,,2.1,,,,,,0.8,,,9.5,0.0,0.0,4.9,1,1,1,1,
162,1,11,83XAA04,3,4,2,,,,2.4,,,,,,2.1,,,,,,0.9,,,10.5,0.0,0.0,4.8,1,1,1,1,
163,1,11,83XAA04,3,5,3,2.3,2.3,,1.7,1.8,,,,,1.0,,,,,,0.4,,,8.0,0.0,0.0,3.5,1,1,1,1,
164,1,11,83XAA04,3,6,4,3.8,,,3.1,,,,,,2.2,,,,,,1.3,,,11.5,0.0,0.0,7.0,1,1,1,1,
165,1,11,83XAA04,4,6,5,,,,1.0,,,15.0,,,1.0,0.2,,10.5,9.0,,0.3,0.2,,7.0,0.0,0.0,3.8,2,2,1,1,
166,1,11,83XAA04,4,5,6,3.4,,,2.7,,,24.0,,,1.6,,,16.5,,,0.6,,,10.5,0.0,0.0,4.1,1,1,1,1,
167,1,11,83XAA04,4,4,7,3.1,,,1.9,,,25.0,,,1.2,,,15.0,,,0.5,,,9.0,0.0,0.0,4.4,1,1,1,1,
168,1,11,83XAA04,4,3,8,3.4,3.2,2.5,2.5,2.1,2.4,26.0,25.0,24.0,1.9,1.7,1.2,17.0,16.0,14.0,0.8,0.8,0.4,9.5,0.0,0.0,4.5,3,3,1,1,
169,1,11,83XAA04,5,3,9,2.2,,,1.7,,,20.0,,,1.2,,,14.0,,,0.6,,,8.5,0.0,0.0,3.8,1,1,1,1,
170,1,11,83XAA04,5,4,10,4.9,,,3.8,,,28.0,,,2.6,,,20.0,,,1.2,,,11.0,0.0,0.0,4.4,1,1,1,1,
171,1,11,83XAA04,5,5,11,3.9,,,2.8,,,24.0,,,1.9,1.1,,18.0,17.0,,0.6,0.4,,10.5,0.0,0.0,5.1,2,2,1,1,
172,1,11,83XAA04,5,6,12,3.2,,,2.5,,,22.0,,,1.6,,,13.5,,,0.7,,,9.0,0.0,0.0,5.8,1,1,1,1,
173,1,11,83XAA04,6,6,13,6.0,,,4.8,,,,,,3.2,,,,,,1.7,,,13.0,0.0,0.0,4.7,1,1,1,1,
174,1,11,83XAA04,6,5,14,,,,1.7,,,,,,1.7,,,,,,0.8,,,10.5,0.0,0.0,4.7,1,1,1,1,
175,1,11,83XAA04,6,4,15,3.1,,,2.5,,,,,,1.2,,,,,,0.4,,,7.0,0.0,0.0,2.3,1,1,1,1,
176,1,11,83XAA04,6,3,16,0.9,,,0.5,,,,,,0.5,,,,,,0.2,,,6.0,0.0,0.0,2.4,1,1,1,1,
177,1,12,9732-31,3,3,1,3.5,,,3.2,,,,,,2.1,,,,,,1.1,,,13.0,0.0,0.0,6.7,1,1,1,1,
178,1,12,9732-31,3,4,2,3.4,,,3.0,,,,,,2.2,,,,,,1.2,0.6,,13.0,0.0,0.0,6.6,1,2,1,1,
179,1,12,9732-31,3,5,3,4.0,,,3.2,,,,,,2.3,,,,,,1.2,,,14.0,0.0,0.0,7.5,1,1,1,1,
180,1,12,9732-31,3,6,4,3.6,,,2.9,,,,,,2.1,,,,,,1.1,,,13.0,0.0,0.0,7.2,1,1,1,1,
181,1,12,9732-31,4,6,5,1.3,,,1.2,,,20.0,,,0.7,,,12.0,,,0.2,,,7.0,0.0,0.0,3.9,1,1,1,1,
182,1,12,9732-31,4,5,6,2.9,,,2.3,,,25.0,,,1.8,,,16.0,,,0.8,,,11.5,0.0,0.0,5.4,1,1,1,1,
183,1,12,9732-31,4,4,7,3.5,,,2.2,,,24.0,,,1.7,,,17.0,,,1.0,,,12.5,0.0,0.0,6.4,1,1,1,1,
184,1,12,9732-31,4,3,8,3.0,,,2.6,,,28.0,,,1.9,,,18.0,,,0.8,,,11.5,0.0,0.0,5.5,1,1,1,1,
185,1,12,9732-31,5,3,9,3.0,,,2.5,,,26.0,,,1.8,,,17.5,,,0.8,,,11.5,0.0,0.0,5.3,1,1,1,1,
186,1,12,9732-31,5,4,10,3.4,,,2.9,,,26.0,,,2.1,,,20.0,,,1.2,,,13.0,0.0,0.0,6.6,1,1,1,1,
187,1,12,9732-31,5,5,11,3.0,,,2.6,,,26.0,,,1.7,,,18.5,,,0.9,,,12.0,0.0,0.0,5.6,1,1,1,1,
188,1,12,9732-31,5,6,12,2.6,,,2.2,,,24.0,,,1.7,,,17.5,,,0.8,,,10.5,0.0,0.0,5.3,1,1,1,1,
189,1,12,9732-31,6,6,13,3.7,,,3.0,,,,,,2.1,,,,,,1.0,,,11.5,0.0,0.0,5.5,1,1,1,1,
190,1,12,9732-31,6,5,14,2.9,,,2.4,,,,,,1.7,,,,,,0.9,,,12.0,0.0,0.0,5.3,1,1,1,1,
191,1,12,9732-31,6,4,15,3.8,,,3.0,,,,,,2.2,,,,,,1.1,,,13.0,0.0,0.0,7.0,1,1,1,1,
192,1,12,9732-31,6,3,16,3.5,,,2.9,,,,,,2.2,,,,,,1.2,,,14.0,0.0,0.0,6.3,1,1,1,1,
193,1,13,9732-19,3,3,1,3.7,,,3.3,,,,,,2.2,,,,,,1.4,0.4,0.4,15.5,0.0,0.0,9.2,1,3,1,1,
194,1,13,9732-19,3,4,2,3.3,,,2.8,,,,,,1.9,,,,,,1.2,,,14.0,0.0,0.0,8.3,1,1,1,1,
195,1,13,9732-19,3,5,3,2.1,,,1.7,,,,,,1.2,,,,,,0.7,,,11.5,0.0,0.0,5.3,1,1,1,1,
196,1,13,9732-19,3,6,4,3.1,,,2.6,,,,,,1.9,,,,,,1.1,,,14.0,0.0,0.0,8.7,1,1,1,1,
197,1,13,9732-19,4,6,5,3.6,,,3.2,,,29.0,,,2.4,,,22.0,,,1.4,,,15.5,0.0,0.0,8.7,1,1,1,1,
198,1,13,9732-19,4,5,6,4.3,,,3.6,,,29.0,,,2.7,,,23.0,,,1.7,,,16.0,0.0,0.0,10.1,1,1,1,1,
199,1,13,9732-19,4,4,7,,,,,,,,,,,,,,,,0.2,,,6.5,0.0,0.0,3.5,0,1,0,1,
200,1,13,9732-19,4,3,8,3.4,,,2.7,,,27.0,,,2.2,,,19.0,,,1.2,,,14.0,0.0,0.0,8.8,1,1,1,1,
201,1,13,9732-19,5,3,9,3.8,,,3.1,,,26.0,,,2.3,,,19.5,,,1.3,,,14.0,0.0,0.0,8.3,1,1,1,1,
202,1,13,9732-19,5,4,10,3.4,,,2.7,,,26.0,,,2.0,,,20.5,,,1.3,,,14.5,0.0,0.0,8.6,1,1,1,1,
203,1,13,9732-19,5,5,11,3.2,,,2.9,,,25.0,,,2.1,,,20.0,,,1.2,,,14.0,0.0,0.0,8.6,1,1,1,1,
204,1,13,9732-19,5,6,12,2.7,,,2.7,,,23.0,,,1.9,,,18.0,,,1.2,,,14.0,0.0,0.0,8.6,1,1,1,1,
205,1,13,9732-19,6,6,13,4.0,,,3.5,,,,,,2.2,,,,,,1.3,,,15.5,0.0,0.0,9.1,1,1,1,1,
206,1,13,9732-19,6,5,14,3.4,,,2.5,,,,,,2.0,,,,,,1.2,,,14.0,0.0,0.0,8.4,1,1,1,1,
207,1,13,9732-19,6,4,15,2.7,,,2.3,,,,,,1.6,,,,,,0.9,,,13.0,0.0,0.0,7.4,1,1,1,1,
208,1,13,9732-19,6,3,16,,,,,,,,,,,,,,,,,,,,0.0,0.0,,0,0,0,0,
209,2,14,NM6,3,3,1,3.4,,,2.8,,,,,,1.9,,,,,,1.0,,,13.0,0.0,0.0,7.5,1,1,1,1,
210,2,14,NM6,3,4,2,3.3,,,2.7,,,,,,1.8,,,,,,1.0,,,13.5,0.0,0.0,6.8,1,1,1,1,
211,2,14,NM6,3,5,3,4.0,,,3.2,,,,,,2.4,,,,,,1.3,,,14.0,0.0,0.0,9.4,1,1,1,1,
212,2,14,NM6,3,6,4,3.2,,,2.6,,,,,,1.9,,,,,,1.0,,,13.0,0.0,0.0,8.0,1,1,1,1,
213,2,14,NM6,4,6,5,3.4,,,2.9,,,30.0,,,1.8,,,20.0,,,0.8,,,11.5,0.0,0.0,7.0,1,1,1,1,
214,2,14,NM6,4,5,6,3.4,,,2.9,,,29.0,,,2.1,,,19.5,,,1.1,,,13.5,0.0,0.0,7.5,1,1,1,1,
215,2,14,NM6,4,4,7,3.0,,,2.3,,,27.0,,,1.7,,,19.0,,,0.9,,,12.5,0.0,0.0,7.0,1,1,1,1,
216,2,14,NM6,4,3,8,3.8,,,3.0,,,29.0,,,1.9,,,15.0,,,0.9,,,12.0,0.0,0.0,7.7,1,1,1,1,
217,2,14,NM6,5,3,9,0.6,0.3,,0.5,0.3,,13.0,8.0,,0.5,0.3,,10.0,7.0,,0.1,0.1,,5.5,0.0,0.0,2.5,2,2,1,1,
218,2,14,NM6,5,4,10,3.3,2.0,,2.6,1.8,,26.0,24.0,,1.8,1.3,,19.5,17.5,,1.0,0.7,,14.0,0.0,0.0,7.2,2,2,1,1,
219,2,14,NM6,5,5,11,3.7,,,3.2,,,27.0,,,2.4,,,21.0,,,1.2,,,14.0,0.0,0.0,8.7,1,1,1,1,
220,2,14,NM6,5,6,12,3.6,,,3.1,,,26.0,,,2.3,,,21.5,,,1.2,,,14.5,0.0,0.0,8.5,1,1,1,1,
221,2,14,NM6,6,6,13,3.7,,,3.3,,,,,,2.4,,,,,,1.3,,,15.5,0.0,0.0,9.2,1,1,1,1,
222,2,14,NM6,6,5,14,4.7,,,3.8,,,,,,3.0,,,,,,1.6,,,16.0,0.0,0.0,9.9,1,1,1,1,
223,2,14,NM6,6,4,15,3.0,,,2.4,,,,,,1.7,0.8,,,,,1.0,0.6,,15.5,0.0,0.0,7.6,2,2,1,1,
224,2,14,NM6,6,3,16,4.7,,,3.7,,,,,,2.5,,,,,,1.3,,,15.0,0.0,0.0,9.0,1,1,1,1,
225,2,15,DN170 ,3,3,1,,,,,,,,,,,,,,,,,,,,0.0,0.0,,0,0,0,0,
226,2,15,DN170 ,3,4,2,,,,,,,,,,,,,,,,,,,,0.0,0.0,,0,0,0,0,
227,2,15,DN170 ,3,5,3,1.5,,,1.0,,,,,,0.6,,,,,,0.4,,,7.0,0.0,0.0,5.4,1,1,1,1,
228,2,15,DN170 ,3,6,4,,,,,,,,,,,,,,,,,,,3.0,0.0,0.0,,0,0,0,1,"NA too short for DBH, stem dieback"
229,2,15,DN170 ,4,6,5,3.4,,,2.6,,,26.0,,,1.6,,,17.0,,,0.9,,,11.5,0.0,0.0,6.0,1,1,1,1,
230,2,15,DN170 ,4,5,6,4.5,,,3.2,,,28.0,,,2.1,,,21.0,,,1.2,,,14.0,0.0,0.0,8.0,1,1,1,1,
231,2,15,DN170 ,4,4,7,3.6,,,2.5,,,24.0,,,1.6,,,16.0,,,0.9,,,12.0,0.0,0.0,6.0,1,1,1,1,
232,2,15,DN170 ,4,3,8,,,,,,,,,,,,,,,,,,,,0.0,0.0,,0,0,0,0,
233,2,15,DN170 ,5,3,9,3.8,,,3.1,,,25.0,,,1.7,,,17.5,,,0.9,,,11.0,0.0,0.0,6.6,1,1,1,1,
234,2,15,DN170 ,5,4,10,,,,,,,,,,,,,,,,,,,,0.0,0.0,,0,0,0,0,
235,2,15,DN170 ,5,5,11,,,,,,,,,,,,,,,,,,,,0.0,0.0,,0,0,0,0,
236,2,15,DN170 ,5,6,12,3.8,,,2.8,,,22.0,,,1.8,,,17.5,,,0.9,,,12.0,0.0,0.0,6.4,1,1,1,1,
237,2,15,DN170 ,6,6,13,,,,,,,,,,,,,,,,,,,,0.0,0.0,,0,0,0,0,
238,2,15,DN170 ,6,5,14,,,,,,,,,,,,,,,,,,,,0.0,0.0,,0,0,0,0,
239,2,15,DN170 ,6,4,15,,,,,,,,,,,,,,,,,,,,0.0,0.0,,0,0,0,0,
240,2,15,DN170 ,6,3,16,,,,,,,,,,,,,,,,,,,,0.0,0.0,,0,0,0,0,
241,2,16,9732-19,3,3,1,2.0,,,1.8,,,,,,1.3,,,,,,1.0,,,13.0,0.0,0.0,9.0,1,1,1,1,
242,2,16,9732-19,3,4,2,3.4,,,2.9,,,,,,2.0,,,,,,1.1,,,13.0,0.0,0.0,8.5,1,1,1,1,
243,2,16,9732-19,3,5,3,3.8,,,3.2,,,,,,2.6,,,,,,1.5,,,16.0,0.0,0.0,9.6,1,1,1,1,
244,2,16,9732-19,3,6,4,4.4,,,3.8,,,,,,2.5,,,,,,1.3,,,15.0,0.0,0.0,8.4,1,1,1,1,
245,2,16,9732-19,4,6,5,3.2,,,2.6,,,25.0,,,1.9,,,19.5,,,1.4,,,15.5,0.0,0.0,8.5,1,1,1,1,
246,2,16,9732-19,4,5,6,3.2,,,2.7,,,26.0,,,2.0,,,20.0,,,1.2,,,14.0,0.0,0.0,7.2,1,1,1,1,
247,2,16,9732-19,4,4,7,3.3,,,3.3,,,29.0,,,2.0,,,19.5,,,1.1,,,13.0,0.0,0.0,6.7,1,1,1,1,
248,2,16,9732-19,4,3,8,3.6,,,3.0,,,30.0,,,2.0,,,19.0,,,1.0,,,13.0,0.0,0.0,7.4,1,1,1,1,
249,2,16,9732-19,5,3,9,2.9,,,2.1,,,24.0,,,1.6,,,17.5,,,0.9,,,12.5,0.0,0.0,7.8,1,1,1,1,
250,2,16,9732-19,5,4,10,3.8,,,2.8,,,26.0,,,1.9,,,21.0,,,1.2,,,13.5,0.0,0.0,7.7,1,1,1,1,
251,2,16,9732-19,5,5,11,3.6,,,3.0,,,28.0,,,2.1,,,22.0,,,1.3,,,15.5,0.0,0.0,8.8,1,1,1,1,
252,2,16,9732-19,5,6,12,4.2,,,3.8,,,29.0,,,2.6,,,23.0,,,1.5,,,16.5,0.0,0.0,9.7,1,1,1,1,
253,2,16,9732-19,6,6,13,4.0,,,3.5,,,,,,2.6,,,,,,1.6,,,16.0,2.0,0.0,9.8,1,1,1,1,stem canker @ 1'
254,2,16,9732-19,6,5,14,3.5,,,2.9,,,,,,2.2,,,,,,1.3,,,15.0,0.0,0.0,8.8,1,1,1,1,
255,2,16,9732-19,6,4,15,2.6,,,2.0,,,,,,1.5,,,,,,0.9,,,13.0,0.0,0.0,7.4,1,1,1,1,
256,2,16,9732-19,6,3,16,3.5,,,2.8,,,,,,1.9,,,,,,1.1,,,13.5,0.0,0.0,8.0,1,1,1,1,
257,2,17,9732-31,3,3,1,4.1,,,3.5,,,,,,2.6,,,,,,1.4,,,15.0,0.0,0.0,7.5,1,1,1,1,
258,2,17,9732-31,3,4,2,3.7,,,3.1,,,,,,1.9,,,,,,1.1,,,13.0,0.0,0.0,5.4,1,1,1,1,
259,2,17,9732-31,3,5,3,4.1,,,3.1,,,,,,2.3,,,,,,1.2,,,13.5,0.0,0.0,6.1,1,1,1,1,
260,2,17,9732-31,3,6,4,4.0,,,3.3,,,,,,2.5,,,,,,1.3,,,15.0,0.0,0.0,7.5,1,1,1,1,
261,2,17,9732-31,4,6,5,4.3,,,3.5,,,28.0,,,2.5,,,22.5,,,1.4,,,15.0,0.0,0.0,7.4,1,1,1,1,
262,2,17,9732-31,4,5,6,2.6,,,2.1,,,25.0,,,1.7,,,17.5,,,1.1,,,12.5,0.0,0.0,6.9,1,1,1,1,
263,2,17,9732-31,4,4,7,3.8,,,3.0,,,27.0,,,2.1,,,19.0,,,1.2,,,14.0,0.0,0.0,6.5,1,1,1,1,
264,2,17,9732-31,4,3,8,3.0,,,2.4,,,27.0,,,2.0,,,20.5,,,1.2,,,13.5,0.0,0.0,6.1,1,1,1,1,
265,2,17,9732-31,5,3,9,3.9,,,3.0,,,26.0,,,2.4,,,22.0,,,1.3,,,14.0,0.0,0.0,7.6,1,1,1,1,
266,2,17,9732-31,5,4,10,4.0,,,3.4,,,26.0,,,2.3,,,21.5,,,1.2,,,13.5,0.0,0.0,6.5,1,1,1,1,
267,2,17,9732-31,5,5,11,2.5,,,2.1,,,24.0,,,1.6,,,18.0,,,0.8,,,10.5,0.0,0.0,5.5,1,1,1,1,
268,2,17,9732-31,5,6,12,3.8,,,3.1,,,26.0,,,2.3,,,20.5,,,1.2,,,13.5,0.0,0.0,7.1,1,1,1,1,
269,2,17,9732-31,6,6,13,3.9,,,3.1,,,,,,2.2,,,,,,1.2,,,14.0,0.0,0.0,7.5,1,1,1,1,
270,2,17,9732-31,6,5,14,2.9,,,2.5,,,,,,1.7,,,,,,1.0,,,12.5,0.0,0.0,6.9,1,1,1,1,
271,2,17,9732-31,6,4,15,3.1,,,2.9,,,,,,1.9,,,,,,1.0,,,12.0,0.0,0.0,5.3,1,1,1,1,
272,2,17,9732-31,6,3,16,4.3,,,3.5,,,,,,2.6,,,,,,1.6,,,15.5,0.0,0.0,8.5,1,1,1,1,
273,2,18,83XAA04,3,3,1,4.8,,,3.4,,,,,,2.2,1.0,,,,,1.2,1.0,,12.5,0.0,0.0,7.4,2,2,1,1,
274,2,18,83XAA04,3,4,2,,,,,,,,,,,,,,,,,,,3.0,0.0,0.0,1.8,0,0,0,1,NA too short for DBH
275,2,18,83XAA04,3,5,3,4.9,,,3.7,,,,,,2.3,,,,,,1.0,,,10.0,0.0,0.0,6.2,1,1,1,1,
276,2,18,83XAA04,3,6,4,,,,,,,,,,,,,,,,,,,2.5,0.0,0.0,,0,0,0,1,NA too short for DBH
277,2,18,83XAA04,4,6,5,3.6,3.5,,2.6,2.6,,25.0,24.0,,1.8,1.7,,17.5,17.0,,1.1,,,12.0,0.0,0.0,6.7,2,1,1,1,
278,2,18,83XAA04,4,5,6,4.5,,,3.4,,,25.0,,,2.2,,,16.5,,,0.9,,,10.5,0.0,0.0,4.5,1,1,1,1,
279,2,18,83XAA04,4,4,7,,,,1.2,,,17.0,,,0.8,0.5,,10.0,7.0,,0.2,0.1,,6.0,0.0,0.0,2.1,2,2,1,1,
280,2,18,83XAA04,4,3,8,,,,1.2,,,15.0,,,0.5,,,8.0,,,0.2,,,6.5,0.0,0.0,3.5,1,1,1,1,
281,2,18,83XAA04,5,3,9,1.8,,,1.2,,,14.0,,,0.7,,,10.0,,,0.3,,,7.5,0.0,0.0,1.7,1,1,1,1,
282,2,18,83XAA04,5,4,10,2.0,,,1.2,,,15.0,,,0.7,,,9.0,,,0.1,,,5.5,0.0,0.0,2.7,1,1,1,1,
283,2,18,83XAA04,5,5,11,4.1,,,3.1,,,23.0,,,1.9,,,17.5,,,0.8,,,10.0,0.0,0.0,5.7,1,1,1,1,
284,2,18,83XAA04,5,6,12,1.8,,,1.2,,,15.0,,,0.6,,,9.0,,,0.1,,,5.0,0.0,0.0,1.9,1,1,1,1,
285,2,18,83XAA04,6,6,13,0.9,,,0.4,,,,,,0.2,,,,,,,,,3.0,0.0,0.0,,1,0,1,1,NA too short for DBH
286,2,18,83XAA04,6,5,14,4.1,,,2.9,,,,,,1.7,,,,,,0.6,,,9.5,0.0,0.0,4.4,1,1,1,1,
287,2,18,83XAA04,6,4,15,0.6,,,0.3,,,,,,,,,,,,0.1,,,6.0,0.0,0.0,3.1,0,1,0,1,resprout2014
288,2,18,83XAA04,6,3,16,4.5,,,3.3,,,,,,2.0,,,,,,0.8,,,9.0,0.0,0.0,5.4,1,1,1,1,
289,3,19,NM6,3,3,1,4.2,,,3.4,1.1,,,,,2.3,0.9,,,,,1.4,0.6,,16.5,0.0,0.0,10.4,2,2,1,1,
290,3,19,NM6,3,4,2,3.5,,,2.9,,,,,,2.5,,,,,,1.2,,,14.0,0.0,0.0,8.6,1,1,1,1,
291,3,19,NM6,3,5,3,3.1,,,2.8,,,,,,2.2,,,,,,1.1,0.3,,14.0,0.0,0.0,7.7,1,2,1,1,
292,3,19,NM6,3,6,4,3.8,,,3.4,,,,,,2.6,,,,,,1.5,,,15.5,0.0,0.0,9.1,1,1,1,1,
293,3,19,NM6,4,6,5,4.1,,,3.5,,,28.0,,,2.6,,,,20.5,,1.5,,,14.5,0.0,0.0,8.7,1,1,1,1,
294,3,19,NM6,4,5,6,3.4,,,3.0,,,28.0,,,2.4,,,,20.0,,1.4,,,14.5,0.0,0.0,8.7,1,1,1,1,
295,3,19,NM6,4,4,7,3.3,,,2.9,,,30.0,,,2.4,,,,19.5,,1.2,,,14.5,0.0,0.0,8.8,1,1,1,1,
296,3,19,NM6,4,3,8,3.6,,,3.0,,,28.0,,,2.4,,,,22.0,,1.2,,,15.5,0.0,0.0,8.9,1,1,1,1,
297,3,19,NM6,5,3,9,3.8,,,3.4,,,27.0,,,2.6,,,22.0,,,1.4,,,16.0,0.0,0.0,8.6,1,1,1,1,
298,3,19,NM6,5,4,10,3.0,,,2.6,,,25.0,,,1.9,,,19.5,,,1.1,,,13.5,0.0,0.0,7.3,1,1,1,1,
299,3,19,NM6,5,5,11,4.4,,,3.4,,,27.0,,,2.8,,,20.5,,,1.5,,,15.0,0.0,0.0,9.1,1,1,1,1,
300,3,19,NM6,5,6,12,3.6,,,3.2,,,27.0,,,2.3,,,20.5,,,1.4,,,14.0,0.0,0.0,8.6,1,1,1,1,
301,3,19,NM6,6,6,13,3.4,,,2.8,,,,,,2.3,,,,,,0.9,,,13.5,0.0,0.0,8.5,1,1,1,1,
302,3,19,NM6,6,5,14,3.8,,,3.3,,,,,,2.4,,,,,,1.3,,,12.5,0.0,0.0,8.0,1,1,1,1,
303,3,19,NM6,6,4,15,3.3,,,2.8,,,,,,2.0,1.1,,,,,0.9,0.7,,13.5,0.0,0.0,7.4,2,2,1,1,
304,3,19,NM6,6,3,16,4.1,,,3.8,,,,,,2.6,,,,,,1.7,,,15.0,0.0,0.0,9.4,1,1,1,1,
305,4,20,DN170 ,3,3,1,,,,,,,,,,,,,,,,,,,,0.0,0.0,,0,0,0,0,
306,4,20,DN170 ,3,4,2,,,,,,,,,,,,,,,,,,,,0.0,0.0,,0,0,0,0,
307,4,20,DN170 ,3,5,3,,,,,,,,,,,,,,,,,,,,0.0,0.0,,0,0,0,0,
308,4,20,DN170 ,3,6,4,,,,,,,,,,1.1,,,,,,0.9,,,12.0,0.0,0.0,8.1,1,1,1,1,
309,4,20,DN170 ,4,6,5,,,,,,,,,,,,,,,,,,,,0.0,0.0,,0,0,0,0,
310,4,20,DN170 ,4,5,6,,,,,,,,,,,,,,,,,,,,0.0,0.0,,0,0,0,0,
311,4,20,DN170 ,4,4,7,3.2,,,2.4,,,24.0,,,1.5,,,16.0,,,0.8,,,11.0,0.0,0.0,6.7,1,1,1,1,
312,4,20,DN170 ,4,3,8,,,,,,,,,,,,,,,,,,,,0.0,0.0,,0,0,0,0,
313,4,20,DN170 ,5,3,9,3.9,,,2.8,,,24.0,,,1.8,,,17.0,,,0.9,,,12.5,0.0,0.0,7.4,1,1,1,1,
314,4,20,DN170 ,5,4,10,4.1,,,3.1,,,25.0,,,1.9,,,18.0,,,0.9,,,12.5,0.0,0.0,7.4,1,1,1,1,
315,4,20,DN170 ,5,5,11,2.8,,,1.7,,,20.0,,,0.6,0.4,0.3,12.0,8.5,8.0,0.3,0.2,0.2,7.5,0.0,0.0,4.8,3,3,1,1,
316,4,20,DN170 ,5,6,12,,,,,,,,,,,,,,,,,,,,0.0,0.0,,0,0,0,0,
317,4,20,DN170 ,6,6,13,4.1,,,3.2,,,,,,1.8,,,,,,1.0,,,13.0,0.0,0.0,6.8,1,1,1,1,
318,4,20,DN170 ,6,5,14,,,,,,,,,,,,,,,,,,,,0.0,0.0,,0,0,0,0,
319,4,20,DN170 ,6,4,15,3.8,,,3.0,,,,,,2.0,,,,,,1.0,,,13.0,0.0,0.0,7.7,1,1,1,1,
320,4,20,DN170 ,6,3,16,,,,,,,,,,,,,,,,,,,,0.0,0.0,,0,0,0,0,
321,3,21,99037049,3,3,1,2.4,,,2.0,,,,,,1.3,,,,,,0.8,,,10.0,0.0,0.0,7.3,1,1,1,1,
322,3,21,99037049,3,4,2,1.4,,,0.8,,,,,,0.6,,,,,,0.2,,,7.0,0.0,0.0,4.9,1,1,1,1,
323,3,21,99037049,3,5,3,,,,,,,,,,,,,,,,,,,,0.0,0.0,4.7,0,0,0,0,
324,3,21,99037049,3,6,4,1.8,,,1.2,,,,,,1.0,,,,,,0.6,,,10.0,0.0,0.0,6.8,1,1,1,1,
325,3,21,99037049,4,6,5,1.5,,,1.0,,,17.0,,,0.9,,,10.5,,,0.5,,,9.0,0.0,0.0,6.8,1,1,1,1,
326,3,21,99037049,4,5,6,1.4,,,1.0,,,17.0,,,0.5,,,10.0,,,0.4,,,7.5,0.0,0.0,5.0,1,1,1,1,
327,3,21,99037049,4,4,7,2.1,,,1.6,,,20.0,,,1.1,,,14.0,,,0.6,,,9.5,0.0,0.0,6.1,1,1,1,1,
328,3,21,99037049,4,3,8,1.1,0.9,,0.9,0.7,,17.0,,,0.5,,,9.0,,,0.3,,,7.0,0.0,0.0,4.7,1,1,1,1,
329,3,21,99037049,5,3,9,3.0,,,2.3,,,24.0,,,1.7,,,18.0,,,1.0,,,12.5,0.0,0.0,8.1,1,1,1,1,
330,3,21,99037049,5,4,10,2.2,,,1.2,,,21.0,,,1.2,,,15.0,,,0.6,,,10.5,0.0,0.0,7.2,1,1,1,1,
331,3,21,99037049,5,5,11,2.1,,,1.7,,,19.0,,,1.1,,,13.0,,,0.6,,,9.5,0.0,0.0,5.8,1,1,1,1,
332,3,21,99037049,5,6,12,1.9,,,1.3,,,17.0,,,1.0,,,13.0,,,0.5,,,9.0,0.0,0.0,6.3,1,1,1,1,
333,3,21,99037049,6,6,13,2.1,,,1.6,,,,,,1.0,,,,,,0.4,,,9.0,0.0,0.0,6.1,1,1,1,1,
334,3,21,99037049,6,5,14,2.4,,,1.9,,,,,,1.4,,,,,,0.7,,,11.0,0.0,0.0,6.5,1,1,1,1,
335,3,21,99037049,6,4,15,3.1,,,2.6,,,,,,0.7,,,,,,1.1,,,12.5,0.0,0.0,8.4,1,1,1,1,
336,3,21,99037049,6,3,16,,,,,,,,,,,,,,,,0.8,,,10.0,0.0,0.0,7.6,0,1,0,1,
337,3,22,99038003,3,3,1,3.8,,,3.3,,,,,,2.5,,,,,,1.5,,,15.0,0.0,0.0,9.7,1,1,1,1,
338,3,22,99038003,3,4,2,3.6,,,3.2,,,,,,2.1,,,,,,1.2,,,14.0,0.0,0.0,9.5,1,1,1,1,
339,3,22,99038003,3,5,3,3.1,,,2.6,,,,,,1.9,,,,,,1.1,,,13.5,0.0,0.0,8.5,1,1,1,1,
340,3,22,99038003,3,6,4,2.8,,,2.4,,,,,,1.8,,,,,,1.0,,,13.0,0.0,0.0,7.4,1,1,1,1,
341,3,22,99038003,4,6,5,2.7,,,2.1,,,25.0,,,1.9,,,18.5,,,1.0,,,13.0,0.0,0.0,7.9,1,1,1,1,
342,3,22,99038003,4,5,6,1.9,,,1.8,,,23.0,,,1.8,,,15.0,,,0.8,,,12.0,0.0,0.0,7.6,1,1,1,1,
343,3,22,99038003,4,4,7,1.9,,,1.6,,,24.0,,,1.2,,,15.0,,,0.8,,,10.0,0.0,0.0,5.8,1,1,1,1,
344,3,22,99038003,4,3,8,4.5,,,3.6,,,34.0,,,2.6,,,23.0,,,1.7,,,16.5,0.0,0.0,10.5,1,1,1,1,
345,3,22,99038003,5,3,9,3.2,,,2.7,,,26.0,,,2.2,,,21.0,,,1.2,,,14.5,0.0,0.0,8.4,1,1,1,1,
346,3,22,99038003,5,4,10,3.5,,,3.1,,,26.0,,,2.3,,,21.0,,,1.3,,,14.5,0.0,0.0,9.3,1,1,1,1,
347,3,22,99038003,5,5,11,3.0,,,2.8,,,25.0,,,1.9,,,18.5,,,1.1,,,12.0,0.0,0.0,7.1,1,1,1,1,
348,3,22,99038003,5,6,12,3.2,,,2.8,,,25.0,,,2.0,,,18.5,,,1.1,,,13.5,0.0,0.0,8.0,1,1,1,1,
349,3,22,99038003,6,6,13,3.7,,,3.2,,,,,,2.5,,,,,,1.4,,,16.5,0.0,0.0,9.5,1,1,1,1,
350,3,22,99038003,6,5,14,3.6,,,3.4,,,,,,2.3,,,,,,1.5,,,15.0,0.0,0.0,9.8,1,1,1,1,
351,3,22,99038003,6,4,15,3.2,,,2.7,,,,,,2.3,,,,,,1.3,,,14.5,0.0,0.0,9.7,1,1,1,1,
352,3,22,99038003,6,3,16,3.3,,,2.6,,,,,,2.2,,,,,,1.1,,,14.0,2.0,0.0,9.3,1,1,1,1,stem canker
353,2,23,DN164,3,3,1,3.0,,,2.4,,,,,,1.8,,,,,,1.0,,,13.0,0.0,0.0,7.8,1,1,1,1,
354,2,23,DN164,3,4,2,3.1,,,2.5,,,,,,1.8,,,,,,0.9,,,12.5,0.0,0.0,7.7,1,1,1,1,
355,2,23,DN164,3,5,3,2.1,,,1.9,,,,,,1.3,,,,,,0.7,,,10.5,0.0,0.0,5.2,1,1,1,1,
356,2,23,DN164,3,6,4,3.7,,,3.0,,,,,,1.9,,,,,,0.9,,,13.5,0.0,0.0,6.4,1,1,1,1,
357,2,23,DN164,4,6,5,3.0,,,2.6,,,28.0,,,1.7,,,20.0,,,0.9,,,13.0,0.0,0.0,6.9,1,1,1,1,
358,2,23,DN164,4,5,6,2.7,,,2.2,,,24.0,,,2.0,,,17.0,,,1.2,,,14.5,0.0,0.0,7.5,1,1,1,1,
359,2,23,DN164,4,4,7,3.1,1.5,,2.8,1.3,,27.0,19.0,,1.9,1.2,,19.0,16.0,,1.1,0.8,,14.0,0.0,0.0,8.5,2,2,1,1,
360,2,23,DN164,4,3,8,2.2,,,1.8,,,24.0,,,1.4,,,17.0,,,0.8,,,12.0,0.0,0.0,6.0,1,1,1,1,
361,2,23,DN164,5,3,9,4.0,,,3.2,,,28.0,,,2.5,,,23.0,,,1.5,,,17.0,2.0,0.0,10.4,1,1,1,1,
362,2,23,DN164,5,4,10,3.1,,,2.4,,,26.0,,,1.8,,,20.0,,,0.9,,,13.5,0.0,0.0,7.3,1,1,1,1,
363,2,23,DN164,5,5,11,4.2,,,3.3,,,29.0,,,2.5,,,22.0,,,1.5,,,16.5,0.0,0.0,9.0,1,1,1,1,
364,2,23,DN164,5,6,12,4.2,,,3.2,,,28.0,,,2.6,,,22.0,,,1.3,,,15.5,0.0,0.0,8.7,1,1,1,1,
365,2,23,DN164,6,6,13,3.7,,,3.1,,,,,,2.4,,,,,,1.3,,,15.0,0.0,0.0,8.6,1,1,1,1,
366,2,23,DN164,6,5,14,4.0,,,3.3,,,,,,2.5,,,,,,1.4,,,16.0,0.0,0.0,9.5,1,1,1,1,
367,2,23,DN164,6,4,15,4.3,,,3.7,,,,,,2.7,,,,,,1.6,,,17.5,0.0,0.0,9.9,1,1,1,1,
368,2,23,DN164,6,3,16,3.3,2.0,,2.7,1.7,,,,,2.1,,,,,,1.4,1.1,,16.5,0.0,0.0,9.1,1,2,1,1,
369,2,24,99038003,3,3,1,2.0,,,1.6,,,,,,1.3,,,,,,0.8,,,10.5,0.0,0.0,4.3,1,1,1,1,
370,2,24,99038003,3,4,2,2.2,1.8,,1.5,1.7,0.6,,,,1.3,1.1,0.6,,,,0.6,0.6,0.4,10.5,0.0,0.0,4.4,3,3,1,1,
371,2,24,99038003,3,5,3,2.7,,,2.5,,,,,,1.8,,,,,,0.9,,,12.5,0.0,0.0,5.2,1,1,1,1,
372,2,24,99038003,3,6,4,3.5,,,2.6,,,,,,2.3,,,,,,1.2,,,14.0,0.0,0.0,6.9,1,1,1,1,
373,2,24,99038003,4,6,5,2.8,,,2.3,,,26.0,,,1.7,0.9,,19.0,13.0,,0.8,0.7,,12.5,0.0,0.0,6.3,2,2,1,1,
374,2,24,99038003,4,5,6,1.8,,,1.4,,,23.0,,,1.2,,,15.0,,,0.6,,,10.5,0.0,0.0,4.9,1,1,1,1,
375,2,24,99038003,4,4,7,3.1,,,2.7,,,25.0,,,2.0,,,19.5,,,1.1,,,13.0,0.0,0.0,6.3,1,1,1,1,
376,2,24,99038003,4,3,8,2.2,,,1.8,,,21.0,,,1.3,,,15.0,,,0.6,,,10.0,0.0,0.0,4.4,1,1,1,1,
377,2,24,99038003,5,3,9,4.4,,,3.5,,,27.0,,,2.8,,,23.0,,,1.6,,,17.0,0.0,0.0,9.5,1,1,1,1,
378,2,24,99038003,5,4,10,2.9,,,2.5,,,25.0,,,2.1,,,19.5,,,1.1,,,15.0,1.0,0.0,8.5,1,1,1,1,
379,2,24,99038003,5,5,11,3.6,,,3.0,,,26.0,,,2.7,,,21.0,,,1.4,,,15.5,1.0,0.0,9.2,1,1,1,1,
380,2,24,99038003,5,6,12,2.7,,,2.3,,,24.0,,,1.9,,,19.0,,,1.1,,,14.0,0.0,0.0,8.6,1,1,1,1,
381,2,24,99038003,6,6,13,3.7,,,3.3,,,,,,2.7,,,,,,1.7,,,17.5,0.0,0.0,9.6,1,1,1,1,
382,2,24,99038003,6,5,14,3.7,,,3.2,,,,,,2.7,,,,,,1.5,,,17.0,1.0,0.0,9.8,1,1,1,1,
383,2,24,99038003,6,4,15,3.4,,,3.0,,,,,,2.5,,,,,,1.6,,,17.0,1.0,0.0,10.1,1,1,1,1,
384,2,24,99038003,6,3,16,1.7,,,0.8,,,,,,0.8,,,,,,0.7,,,11.5,0.0,0.0,5.1,1,1,1,1,
385,2,25,99037049,3,3,1,2.5,,,2.0,,,,,,1.4,,,,,,0.8,,,11.0,0.0,0.0,7.5,1,1,1,1,
386,2,25,99037049,3,4,2,,,,,,,,,,,,,,,,,,,,0.0,0.0,,0,0,0,0,
387,2,25,99037049,3,5,3,2.3,,,1.8,,,,,,1.2,,,,,,0.6,,,10.0,0.0,0.0,5.3,1,1,1,1,
388,2,25,99037049,3,6,4,2.4,,,2.1,,,,,,1.4,,,,,,0.8,,,12.0,0.0,0.0,7.0,1,1,1,1,
389,2,25,99037049,4,6,5,1.4,,,1.0,,,18.0,,,0.7,0.3,,12.0,,,0.3,0.1,,8.0,0.0,0.0,4.3,2,2,1,1,
390,2,25,99037049,4,5,6,2.2,,,1.7,,,17.0,,,1.1,,,13.0,,,0.5,,,9.0,0.0,0.0,4.8,1,1,1,1,
391,2,25,99037049,4,4,7,0.9,,,0.6,,,10.0,,,0.6,,,10.0,,,0.5,,,8.0,0.0,0.0,6.2,1,1,1,1,
392,2,25,99037049,4,3,8,0.7,0.7,,0.5,0.2,,15.0,13.0,,0.4,0.2,0.1,10.0,,,0.2,0.1,0.1,6.5,0.0,0.0,4.1,3,3,1,1,
393,2,25,99037049,5,3,9,2.4,,,1.9,,,22.0,,,1.3,,,17.0,,,0.8,,,12.0,0.0,0.0,6.7,1,1,1,1,
394,2,25,99037049,5,4,10,2.0,,,1.7,,,19.0,,,1.2,,,15.0,,,0.7,,,11.0,0.0,0.0,7.3,1,1,1,1,
395,2,25,99037049,5,5,11,,,,,,,,,,,,,,,,0.1,,,5.0,0.0,0.0,2.8,0,1,0,1,
396,2,25,99037049,5,6,12,1.7,,,1.3,,,17.0,,,1.0,,,12.0,,,0.6,,,9.0,0.0,0.0,5.7,1,1,1,1,
397,2,25,99037049,6,6,13,2.0,,,1.6,,,,,,1.1,,,,,,0.7,,,10.5,0.0,0.0,5.9,1,1,1,1,
398,2,25,99037049,6,5,14,2.1,,,1.6,,,,,,1.2,,,,,,0.7,,,11.5,0.0,0.0,6.2,1,1,1,1,
399,2,25,99037049,6,4,15,2.6,,,2.3,,,,,,1.5,,,,,,0.9,,,13.0,0.0,0.0,6.5,1,1,1,1,
400,2,25,99037049,6,3,16,2.3,,,1.9,,,,,,1.4,,,,,,0.8,,,12.0,0.0,0.0,7.4,1,1,1,1,
401,2,26,DN177,3,3,1,,,,,,,,,,,,,,,,,,,,0.0,0.0,,0,0,0,0,
402,2,26,DN177,3,4,2,3.5,,,2.6,,,,,,1.7,,,,,,0.9,,,12.5,0.0,0.0,7.7,1,1,1,1,
403,2,26,DN177,3,5,3,3.7,,,2.9,,,,,,2.1,,,,,,1.2,,,15.0,0.0,0.0,9.5,1,1,1,1,
404,2,26,DN177,3,6,4,,,,,,,,,,,,,,,,,,,,0.0,0.0,,0,0,0,0,
405,2,26,DN177,4,6,5,3.6,,,3.0,,,28.0,,,2.0,,,20.0,,,1.2,,,15.0,1.0,0.0,9.4,1,1,1,1,
406,2,26,DN177,4,5,6,,,,,,,,,,,,,,,,,,,,0.0,0.0,,0,0,0,0,
407,2,26,DN177,4,4,7,,,,,,,,,,,,,,,,,,,,0.0,0.0,,0,0,0,0,
408,2,26,DN177,4,3,8,2.9,,,2.1,,,25.0,,,1.4,,,18.0,,,0.5,,,10.5,0.0,0.0,8.3,1,1,1,1,
409,2,26,DN177,5,3,9,1.8,,,1.7,,,21.0,,,1.1,0.4,0.4,15.0,12.0,12.0,0.4,0.3,0.2,9.5,0.0,0.0,5.7,3,3,1,1,
410,2,26,DN177,5,4,10,3.7,,,3.2,,,27.0,,,2.1,,,21.0,,,1.2,,,14.5,1.0,0.0,9.5,1,1,1,1,
411,2,26,DN177,5,5,11,,,,,,,,,,,,,,,,,,,,0.0,0.0,,0,0,0,0,
412,2,26,DN177,5,6,12,3.5,,,2.8,,,26.0,,,1.9,,,20.0,,,1.2,,,14.5,0.0,0.0,8.2,1,1,1,1,
413,2,26,DN177,6,6,13,3.3,,,2.8,,,,,,1.8,,,,,,1.0,,,13.0,0.0,0.0,8.3,1,1,1,1,
414,2,26,DN177,6,5,14,3.4,,,2.7,,,,,,2.0,,,,,,1.1,,,15.0,0.0,0.0,8.4,1,1,1,1,
415,2,26,DN177,6,4,15,3.6,,,3.1,,,,,,2.2,,,,,,1.3,,,15.5,0.0,0.0,9.4,1,1,1,1,
416,2,26,DN177,6,3,16,2.8,1.1,,2.1,1.1,,,,,1.4,0.9,,,,,0.7,,,10.5,0.0,0.0,6.3,2,1,1,1,
417,2,27,99007116,3,3,1,3.6,,,2.8,,,,,,2.2,,,,,,1.3,,,15.5,0.0,0.0,8.6,1,1,1,1,
418,2,27,99007116,3,4,2,,,,,,,,,,,,,,,,,,,2.5,0.0,0.0,,0,0,0,1,NA too short for DBH
419,2,27,99007116,3,5,3,,,,0.8,,,,,,0.8,,,,,,0.4,,,9.5,0.0,0.0,4.1,1,1,1,1,
420,2,27,99007116,3,6,4,4.9,,,3.6,,,,,,2.7,,,,,,1.8,,,17.0,0.0,0.0,10.0,1,1,1,1,
421,2,27,99007116,4,6,5,,,,0.8,,,11.0,,,0.8,,,11.0,,,0.6,,,11.0,0.0,0.0,5.1,1,1,1,1,
422,2,27,99007116,4,5,6,4.3,,,3.5,,,30.0,,,2.6,,,21.0,,,1.4,,,16.5,0.0,0.0,8.0,1,1,1,1,
423,2,27,99007116,4,4,7,3.0,,,2.4,,,28.0,,,1.9,,,19.0,,,1.2,,,15.0,0.0,0.0,6.6,1,1,1,1,
424,2,27,99007116,4,3,8,3.8,,,3.2,,,28.0,,,2.4,,,21.0,,,1.4,,,15.0,0.0,0.0,8.7,1,1,1,1,
425,2,27,99007116,5,3,9,4.2,,,3.5,,,27.0,,,2.6,,,21.0,,,1.5,,,16.5,0.0,0.0,9.5,1,1,1,1,
426,2,27,99007116,5,4,10,2.7,,,2.5,,,24.0,,,1.8,,,18.0,,,1.0,,,12.0,0.0,0.0,6.5,1,1,1,1,
427,2,27,99007116,5,5,11,2.8,,,2.4,,,23.0,,,2.0,,,19.0,,,1.0,,,13.5,0.0,0.0,6.4,1,1,1,1,
428,2,27,99007116,5,6,12,2.9,,,2.4,,,25.0,,,1.8,,,19.0,,,1.1,,,14.0,0.0,0.0,7.1,1,1,1,1,
429,2,27,99007116,6,6,13,3.2,,,2.7,,,,,,2.0,,,,,,1.1,,,15.0,1.0,0.0,8.9,1,1,1,1,
430,2,27,99007116,6,5,14,,,,,,,,,,,,,,,,,,,1.0,0.0,0.0,8.7,0,0,0,1,"NA  broken, too short for DBH"
431,2,27,99007116,6,4,15,2.9,,,2.3,,,,,,1.3,,,,,,1.0,,,13.0,0.0,0.0,6.9,1,1,1,1,
432,2,27,99007116,6,3,16,3.4,,,2.8,,,,,,2.0,,,,,,1.1,,,14.5,1.0,0.0,7.7,1,1,1,1,
433,3,28,DN164,3,3,1,3.3,,,2.9,,,,,,2.0,,,,,,1.0,,,13.5,0.0,0.0,8.2,1,1,1,1,
434,3,28,DN164,3,4,2,3.4,,,3.0,,,,,,2.0,,,,,,1.2,,,14.0,0.0,0.0,7.6,1,1,1,1,
435,3,28,DN164,3,5,3,2.5,,,2.3,,,,,,1.5,,,,,,0.8,,,11.0,0.0,0.0,5.8,1,1,1,1,
436,3,28,DN164,3,6,4,3.1,,,2.6,,,,,,1.8,,,,,,1.0,,,13.0,0.0,0.0,7.5,1,1,1,1,
437,3,28,DN164,4,6,5,4.4,,,4.0,,,30.0,,,2.8,,,21.0,,,1.5,,,15.0,0.0,0.0,9.6,1,1,1,1,
438,3,28,DN164,4,5,6,4.3,,,3.6,,,32.0,,,2.5,,,21.0,,,1.3,,,16.0,0.0,0.0,8.7,1,1,1,1,
439,3,28,DN164,4,4,7,4.4,,,3.2,,,30.0,,,2.8,,,21.0,,,1.2,,,14.0,0.0,0.0,8.9,1,1,1,1,
440,3,28,DN164,4,3,8,2.5,,,2.2,,,25.0,,,1.5,,,17.0,,,0.8,,,11.5,0.0,0.0,6.7,1,1,1,1,
441,3,28,DN164,5,3,9,3.9,,,3.1,,,24.0,,,2.0,,,18.0,,,1.0,,,13.0,0.0,0.0,7.4,1,1,1,1,
442,3,28,DN164,5,4,10,2.0,,,1.7,,,22.0,,,1.0,0.4,,15.0,10.0,,0.4,0.2,,8.5,0.0,1.0,5.7,2,2,1,1,stem dieback
443,3,28,DN164,5,5,11,3.4,,,3.0,,,24.0,,,1.9,,,21.0,,,1.2,,,14.5,0.0,0.0,7.5,1,1,1,1,
444,3,28,DN164,5,6,12,,,,,,,,,,,,,,,,,,,,0.0,0.0,,0,0,0,0,
445,3,28,DN164,6,6,13,4.4,,,3.6,,,,,,2.5,,,,,,1.4,,,15.0,0.0,0.0,8.1,1,1,1,1,
446,3,28,DN164,6,5,14,,,,,,,,,,,,,,,,,,,,0.0,0.0,,0,0,0,0,
447,3,28,DN164,6,4,15,3.5,,,3.0,,,,,,1.9,,,,,,0.9,,,13.0,0.0,0.0,7.5,1,1,1,1,
448,3,28,DN164,6,3,16,3.0,,,2.7,,,,,,1.8,,,,,,1.0,,,12.0,0.0,0.0,6.5,1,1,1,1,
449,3,29,99007116,3,3,1,1.9,,,1.5,,,,,,1.1,,,,,,0.6,,,10.5,0.0,0.0,7.9,1,1,1,1,
450,3,29,99007116,3,4,2,1.3,,,1.0,,,,,,0.9,,,,,,0.9,,,12.0,1.0,0.0,6.1,1,1,1,1,
451,3,29,99007116,3,5,3,3.6,,,2.9,,,,,,2.3,,,,,,1.2,,,15.0,0.0,0.0,8.1,1,1,1,1,
452,3,29,99007116,3,6,4,3.4,,,2.6,,,,,,2.1,,,,,,1.2,,,15.0,0.0,0.0,8.4,1,1,1,1,
453,3,29,99007116,4,6,5,4.5,,,3.9,,,29.0,,,2.9,,,21.0,,,1.8,,,17.0,1.0,0.0,10.3,1,1,1,1,
454,3,29,99007116,4,5,6,4.1,,,3.4,,,27.0,,,2.3,,,20.0,,,1.5,,,15.5,1.0,0.0,8.3,1,1,1,1,
455,3,29,99007116,4,4,7,0.9,,,0.9,,,16.0,,,0.8,0.6,,11.0,10.0,,0.5,0.4,,10.0,0.0,0.0,5.0,2,2,1,1,
456,3,29,99007116,4,3,8,3.1,,,2.5,,,25.0,,,1.7,,,18.0,,,0.9,,,13.0,0.0,0.0,7.2,1,1,1,1,
457,3,29,99007116,5,3,9,3.6,,,2.5,,,25.0,,,2.3,,,20.0,,,1.3,,,15.0,0.0,0.0,8.1,1,1,1,1,
458,3,29,99007116,5,4,10,3.2,,,2.5,,,24.0,,,1.9,,,20.0,,,1.0,,,14.0,0.0,0.0,7.2,1,1,1,1,
459,3,29,99007116,5,5,11,3.5,,,2.9,,,25.0,,,2.3,,,20.0,,,1.2,,,15.0,0.0,0.0,8.3,1,1,1,1,
460,3,29,99007116,5,6,12,2.2,,,1.9,,,21.0,,,1.5,,,17.5,,,0.9,,,11.0,0.0,0.0,9.0,1,1,1,1,
461,3,29,99007116,6,6,13,3.5,,,2.9,,,,,,2.7,,,,,,1.2,,,14.5,0.0,0.0,7.5,1,1,1,1,
462,3,29,99007116,6,5,14,3.1,,,2.5,,,,,,1.8,,,,,,1.0,,,13.5,0.0,0.0,7.9,1,1,1,1,
463,3,29,99007116,6,4,15,2.3,,,2.0,,,,,,1.6,,,,,,1.1,,,13.5,0.0,0.0,7.4,1,1,1,1,
464,3,29,99007116,6,3,16,1.9,,,1.9,,,,,,1.6,,,,,,1.0,,,13.0,0.0,0.0,6.9,1,1,1,1,
465,3,30,9732-31,3,3,1,,,,,,,,,,,,,,,,,,,,0.0,0.0,,0,0,0,0,
466,3,30,9732-31,3,4,2,4.9,,,3.8,,,,,,2.7,,,,,,1.5,,,16.0,0.0,0.0,7.6,1,1,1,1,
467,3,30,9732-31,3,5,3,4.1,,,3.5,,,,,,2.6,,,,,,1.5,,,13.0,0.0,0.0,7.7,1,1,1,1,
468,3,30,9732-31,3,6,4,3.9,,,3.2,,,,,,2.5,,,,,,1.4,,,15.0,0.0,0.0,8.2,1,1,1,1,
469,3,30,9732-31,4,6,5,3.4,,,3.1,,,30.0,,,2.2,,,21.0,,,1.7,,,16.0,0.0,0.0,8.6,1,1,1,1,
470,3,30,9732-31,4,5,6,4.5,,,3.5,,,30.0,,,2.6,,,22.0,,,1.6,,,16.0,0.0,0.0,8.7,1,1,1,1,
471,3,30,9732-31,4,4,7,2.3,,,1.8,,,26.0,,,1.3,,,17.0,,,0.6,,,10.5,2.0,0.0,7.3,1,1,1,1,
472,3,30,9732-31,4,3,8,3.3,,,2.2,,,26.0,,,1.7,,,19.0,,,0.9,,,12.0,1.0,0.0,4.8,1,1,1,1,
473,3,30,9732-31,5,3,9,2.1,,,1.8,,,23.0,,,1.4,,,16.0,,,0.7,,,11.5,0.0,0.0,4.5,1,1,1,1,
474,3,30,9732-31,5,4,10,3.3,,,2.8,,,25.0,,,2.0,,,19.0,,,1.1,,,12.5,0.0,0.0,7.2,1,1,1,1,
475,3,30,9732-31,5,5,11,3.1,,,2.6,,,26.0,,,1.9,,,19.0,,,1.1,,,13.5,1.0,0.0,7.8,1,1,1,1,
476,3,30,9732-31,5,6,12,2.8,,,2.7,,,25.0,,,1.8,,,19.0,,,1.0,,,12.5,0.0,0.0,6.9,1,1,1,1,
477,3,30,9732-31,6,6,13,3.1,1.7,,2.8,1.5,,,,,1.6,1.3,,,,,0.8,,,12.0,1.0,0.0,7.1,2,1,1,1,
478,3,30,9732-31,6,5,14,3.5,,,3.1,,,,,,2.7,,,,,,1.3,,,14.0,1.0,0.0,8.0,1,1,1,1,
479,3,30,9732-31,6,4,15,4.0,,,3.4,,,,,,2.2,,,,,,1.2,,,14.5,1.0,0.0,7.6,1,1,1,1,
480,3,30,9732-31,6,3,16,4.2,,,3.3,,,,,,2.3,,,,,,1.2,1.2,,15.0,0.0,0.0,8.4,1,2,1,1,
481,3,31,DN177,3,3,1,,,,,,,,,,,,,,,,,,,,0.0,0.0,,0,0,0,0,
482,3,31,DN177,3,4,2,2.8,,,2.2,,,,,,1.5,,,,,,0.9,,,13.0,0.0,1.0,7.2,1,1,1,1,dieback
483,3,31,DN177,3,5,3,3.1,,,2.5,,,,,,1.8,,,,,,1.3,,,15.0,2.0,1.0,10.2,1,1,1,1,dieback
484,3,31,DN177,3,6,4,,,,,,,,,,,,,,,,,,,,0.0,0.0,,0,0,0,0,
485,3,31,DN177,4,6,5,2.8,,,2.2,,,23.0,,,1.5,,,16.0,,,1.0,,,13.0,0.0,0.0,7.5,1,1,1,1,
486,3,31,DN177,4,5,6,2.1,,,1.7,,,19.0,,,1.7,,,15.0,,,0.8,,,11.5,2.0,0.0,7.8,1,1,1,1,
487,3,31,DN177,4,4,7,,,,,,,,,,,,,,,,,,,,0.0,0.0,,0,0,0,0,
488,3,31,DN177,4,3,8,1.5,,,0.9,,,16.0,,,0.7,,,12.0,,,0.3,,,8.0,0.0,1.0,3.9,1,1,1,1,dieback
489,3,31,DN177,5,3,9,,,,,,,,,,,,,,,,,,,,0.0,0.0,,0,0,0,0,
490,3,31,DN177,5,4,10,,,,,,,,,,,,,,,,,,,,0.0,0.0,,0,0,0,0,
491,3,31,DN177,5,5,11,,,,,,,,,,,,,,,,,,,,0.0,0.0,,0,0,0,0,
492,3,31,DN177,5,6,12,2.7,,,1.9,,,20.0,,,1.2,,,15.0,,,0.8,,,11.0,0.0,0.0,6.5,1,1,1,1,
493,3,31,DN177,6,6,13,,,,,,,,,,,,,,,,,,,,0.0,0.0,,0,0,0,0,
494,3,31,DN177,6,5,14,3.2,,,2.4,,,,,,1.5,,,,,,1.0,,,13.5,0.0,0.0,7.8,1,1,1,1,
495,3,31,DN177,6,4,15,,,,,,,,,,,,,,,,0.2,,,7.0,0.0,0.0,6.5,0,1,0,1,dying 2012
496,3,31,DN177,6,3,16,,,,,,,,,,,,,,,,,,,,0.0,0.0,,0,0,0,0,
497,3,32,DN170 ,3,3,1,3.7,,,3.1,,,,,,2.3,,,,,,1.2,,,13.5,0.0,0.0,7.2,1,1,1,1,
498,3,32,DN170 ,3,4,2,3.6,,,2.8,,,,,,2.2,,,,,,1.1,,,13.5,0.0,0.0,7.4,1,1,1,1,
499,3,32,DN170 ,3,5,3,3.9,,,3.3,,,,,,2.4,,,,,,1.2,,,15.0,0.0,0.0,8.7,1,1,1,1,
500,3,32,DN170 ,3,6,4,3.1,2.0,,2.5,1.7,0.7,,,,1.7,1.3,0.7,,,,0.7,0.4,0.5,11.5,0.0,1.0,5.0,3,3,1,1,stem dieback
501,3,32,DN170 ,4,6,5,4.1,,,3.2,,,29.0,,,2.3,,,19.0,,,1.2,,,14.5,0.0,0.0,6.7,1,1,1,1,
502,3,32,DN170 ,4,5,6,3.9,,,3.4,,,30.0,,,2.4,,,22.0,,,1.2,,,14.0,0.0,0.0,7.5,1,1,1,1,
503,3,32,DN170 ,4,4,7,4.2,,,3.7,,,30.0,,,2.6,,,22.0,,,1.5,,,16.0,0.0,0.0,9.1,1,1,1,1,
504,3,32,DN170 ,4,3,8,3.9,,,3.5,,,27.0,,,2.5,,,21.0,,,1.4,,,15.0,0.0,0.0,8.5,1,1,1,1,
505,3,32,DN170 ,5,3,9,3.5,,,3.0,,,25.0,,,2.1,,,21.0,,,1.2,,,14.0,0.0,0.0,8.0,1,1,1,1,
506,3,32,DN170 ,5,4,10,3.5,,,3.0,,,26.0,,,2.3,,,21.0,,,1.2,,,14.0,0.0,0.0,8.4,1,1,1,1,
507,3,32,DN170 ,5,5,11,3.9,,,3.5,,,26.0,,,2.2,,,21.0,,,1.1,,,13.5,0.0,0.0,6.9,1,1,1,1,
508,3,32,DN170 ,5,6,12,,,,,,,,,,,,,,,,,,,,0.0,0.0,,0,0,0,0,
509,3,32,DN170 ,6,6,13,,,,,,,,,,,,,,,,,,,,0.0,0.0,,0,0,0,0,
510,3,32,DN170 ,6,5,14,3.2,,,3.0,,,,,,1.7,0.8,,,,,0.8,0.4,,12.5,0.0,0.0,5.3,2,2,1,1,
511,3,32,DN170 ,6,4,15,,,,,,,,,,,,,,,,,,,,0.0,0.0,,0,0,0,0,
512,3,32,DN170 ,6,3,16,4.0,,,3.5,,,,,,2.2,,,,,,1.3,,,14.5,0.0,0.0,7.8,1,1,1,1,
513,3,33,83XAA04,3,3,1,2.1,1.7,,1.3,1.0,0.9,,,,1.1,,,,,,0.7,,,10.0,0.0,0.0,3.0,1,1,1,1,
514,3,33,83XAA04,3,4,2,2.8,,,1.9,,,,,,1.1,,,,,,0.3,,,7.0,0.0,0.0,2.5,1,1,1,1,
515,3,33,83XAA04,3,5,3,3.0,1.5,,2.2,1.3,,,,,0.8,1.3,,,,,0.5,0.5,,9.0,0.0,0.0,3.4,2,2,1,1,
516,3,33,83XAA04,3,6,4,3.1,,,2.3,,,,,,2.0,,,,,,0.8,,,9.5,0.0,0.0,4.5,1,1,1,1,
517,3,33,83XAA04,4,6,5,2.9,,,2.0,,,21.0,,,1.2,,,12.0,,,0.2,,,6.5,0.0,0.0,2.9,1,1,1,1,
518,3,33,83XAA04,4,5,6,4.1,1.7,,2.9,1.4,,25.0,17.0,,1.2,1.0,,16.0,15.0,,0.6,0.5,,9.0,0.0,0.0,4.5,2,2,1,1,
519,3,33,83XAA04,4,4,7,2.6,2.5,,1.9,2.0,,24.0,24.0,,1.2,1.1,,15.0,14.0,,0.3,0.3,,8.0,0.0,0.0,2.6,2,2,1,1,
520,3,33,83XAA04,4,3,8,1.9,1.7,1.6,1.4,1.1,1.4,18.0,28.0,17.0,0.7,0.7,0.6,11.0,10.0,9.0,0.1,0.1,0.1,5.5,0.0,0.0,1.8,3,3,1,1,
521,3,33,83XAA04,5,3,9,2.5,,,1.9,,,18.0,,,0.9,,,12.0,,,0.1,,,5.5,0.0,0.0,1.9,1,1,1,1,
522,3,33,83XAA04,5,4,10,3.6,2.5,,1.9,2.8,,20.0,18.0,,1.9,1.8,0.8,15.0,14.0,11.0,0.6,0.2,0.1,9.0,0.0,0.0,4.4,3,3,1,1,
523,3,33,83XAA04,5,5,11,,,,0.7,,,13.0,,,0.5,,,10.0,,,0.2,,,6.5,0.0,0.0,2.7,1,1,1,1,
524,3,33,83XAA04,5,6,12,,,,,,,,,,,,,,,,,,,,0.0,0.0,,0,0,0,0,
525,3,33,83XAA04,6,6,13,1.0,1.0,,0.7,,,,,,0.7,,,,,,0.1,,,5.0,0.0,0.0,1.4,1,1,1,1,
526,3,33,83XAA04,6,5,14,,,,,,,,,,,,,,,,,,,,0.0,0.0,,0,0,0,0,
527,3,33,83XAA04,6,4,15,3.5,,,2.6,,,,,,1.5,,,,,,0.5,,,8.5,0.0,0.0,3.4,1,1,1,1,
528,3,33,83XAA04,6,3,16,5.7,,,4.7,,,,,,3.1,,,,,,1.4,,,13.0,0.0,0.0,6.1,1,1,1,1,
529,3,34,9732-19,3,3,1,2.9,,,2.7,,,,,,1.8,,,,,,1.2,,,13.0,0.0,0.0,8.1,1,1,1,1,
530,3,34,9732-19,3,4,2,3.4,,,2.9,,,,,,2.4,,,,,,1.3,,,15.0,0.0,0.0,9.5,1,1,1,1,
531,3,34,9732-19,3,5,3,2.9,,,2.7,,,,,,1.9,,,,,,1.2,,,14.0,0.0,0.0,8.6,1,1,1,1,
532,3,34,9732-19,3,6,4,2.7,,,2.4,,,,,,1.9,,,,,,1.1,,,14.0,0.0,0.0,8.9,1,1,1,1,
533,3,34,9732-19,4,6,5,3.3,,,2.8,,,28.0,,,1.9,,,20.0,,,1.3,,,15.0,0.0,0.0,8.7,1,1,1,1,
534,3,34,9732-19,4,5,6,3.0,,,2.4,,,26.0,,,2.1,,,19.0,,,1.3,,,14.5,0.0,0.0,9.6,1,1,1,1,
535,3,34,9732-19,4,4,7,3.3,,,2.9,,,27.0,,,2.1,,,20.0,,,1.4,,,15.5,0.0,0.0,10.1,1,1,1,1,
536,3,34,9732-19,4,3,8,3.4,,,2.8,,,28.0,,,1.9,,,21.0,,,1.2,,,15.5,0.0,0.0,8.4,1,1,1,1,
537,3,34,9732-19,5,3,9,3.5,,,3.1,,,27.0,,,2.2,,,21.0,,,1.2,,,15.0,0.0,0.0,8.8,1,1,1,1,
538,3,34,9732-19,5,4,10,3.7,,,2.9,,,26.0,,,2.3,,,20.0,,,1.4,,,16.0,0.0,0.0,9.8,1,1,1,1,
539,3,34,9732-19,5,5,11,3.8,,,3.0,,,26.0,,,2.3,,,20.0,,,1.3,,,15.5,0.0,0.0,9.4,1,1,1,1,
540,3,34,9732-19,5,6,12,2.5,2.4,,2.2,2.3,,25.0,24.0,,1.5,1.6,,18.0,18.0,,0.9,0.9,,13.5,0.0,0.0,7.3,2,2,1,1,
541,3,34,9732-19,6,6,13,3.8,,,3.3,,,,,,2.3,,,,,,0.4,,,16.5,0.0,0.0,9.8,1,1,1,1,
542,3,34,9732-19,6,5,14,4.1,,,2.9,,,,,,2.3,,,,,,1.4,,,16.0,0.0,0.0,10.0,1,1,1,1,
543,3,34,9732-19,6,4,15,4.3,,,3.9,,,,,,2.3,,,,,,1.6,,,16.5,0.0,0.0,10.4,1,1,1,1,
544,3,34,9732-19,6,3,16,3.9,,,2.9,,,,,,2.3,,,,,,1.4,,,16.0,0.0,0.0,9.6,1,1,1,1,
